{
  "cpc_forecast": {
    "mae": 58.32,
    "r2": 0.9671
  },
  "risk_model": {
    "0": {
      "precision": 0.9623893805309734,
      "recall": 0.9886363636363636,
      "f1-score": 0.9753363228699552,
      "support": 440.0
    },
    "1": {
      "precision": 0.8958333333333334,
      "recall": 0.7166666666666667,
      "f1-score": 0.7962962962962963,
      "support": 60.0
    },
    "accuracy": 0.956,
    "macro avg": {
      "precision": 0.9291113569321534,
      "recall": 0.8526515151515152,
      "f1-score": 0.8858163095831257,
      "support": 500.0
    },
    "weighted avg": {
      "precision": 0.9544026548672566,
      "recall": 0.956,
      "f1-score": 0.953851519681116,
      "support": 500.0
    }
  }
}